[
{"source": "", "target": "", "site": "", "hyperlink": ""},
{"source": "", "target": "", "site": "", "hyperlink": ""},
{"source": "green-cape.co.za", "target": "www.youtube.com", "site": "https://www.youtube.com/watch?v=vCxWqA1rZOA", "hyperlink": "South African Renewable Energy Masterplan"},
{"source": "green-cape.co.za", "target": "www.google.com", "site": "https://www.google.com/maps/place/GreenCape/@-33.9162763,18.4210879,17z/data=!3m1!4b1!4m5!3m4!1s0x1dcc677b7224f2b9:0x4b21d6a993505e3f!8m2!3d-33.9162698!4d18.4232962", "hyperlink": "View Map"},
{"source": "www.eskom.co.za", "target": "www.rotekindustries.co.za", "site": "https://www.rotekindustries.co.za/Pages/Landing.aspx", "hyperlink": "Rotek Industries"},
{"source": "sawea.org.za", "target": "www.engineeringnews.co.za", "site": "https://www.engineeringnews.co.za/article/initial-just-energy-transition-work-points-to-need-to-cushion-coal-regions-2019-07-03", "hyperlink": "https://www.engineeringnews.co.za"},
{"source": "sawea.org.za", "target": "twitter.com", "site": "https://twitter.com/_sawea?ref_src=twsrc%5Etfw", "hyperlink": "Tweets by _sawea"},
{"source": "sawea.org.za", "target": "twitter.com", "site": "https://twitter.com/_sawea?ref_src=twsrc%5Etfw", "hyperlink": "Tweets by _sawea"},
{"source": "", "target": "", "site": "", "hyperlink": ""},
{"source": "", "target": "", "site": "", "hyperlink": ""},
{"source": "", "target": "", "site": "", "hyperlink": ""},
{"source": "www.csir.co.za", "target": "forms.office.com", "site": "https://forms.office.com/r/3K63ULTN3P", "hyperlink": "Alumni"},
{"source": "", "target": "", "site": "", "hyperlink": ""},
{"source": "www.csir.co.za", "target": "forms.office.com", "site": "https://forms.office.com/r/3K63ULTN3P", "hyperlink": "Alumni"},
{"source": "sawea.org.za", "target": "www.bizcommunity.com", "site": "https://www.bizcommunity.com/Article/196/723/211906.html", "hyperlink": "bizcommunity.com"},
{"source": "sawea.org.za", "target": "twitter.com", "site": "https://twitter.com/_sawea?ref_src=twsrc%5Etfw", "hyperlink": "Tweets by _sawea"},
{"source": "", "target": "", "site": "", "hyperlink": ""},
{"source": "", "target": "", "site": "", "hyperlink": ""},
{"source": "", "target": "", "site": "", "hyperlink": ""},
{"source": "www.csir.co.za", "target": "forms.office.com", "site": "https://forms.office.com/r/3K63ULTN3P", "hyperlink": "Alumni"},
{"source": "", "target": "", "site": "", "hyperlink": ""},
{"source": "www.csir.co.za", "target": "www.nedbank.co.za", "site": "https://www.nedbank.co.za", "hyperlink": "Nedbank"},
{"source": "www.csir.co.za", "target": "www.nedbank.co.za", "site": "https://www.nedbank.co.za", "hyperlink": "Nedbank"},
{"source": "www.csir.co.za", "target": "www.res4africa.org", "site": "https://www.res4africa.org/2020/09/23/a-just-energy-transition-in-south-africa/", "hyperlink": "A Just Energy Transition in South Africa"},
{"source": "www.csir.co.za", "target": "www.res4africa.org", "site": "https://www.res4africa.org/webinar-jet-za/", "hyperlink": "online event"},
{"source": "www.csir.co.za", "target": "www.res4africa.org", "site": "https://www.res4africa.org/ampowering-connexions/", "hyperlink": "AM-Powering Connexions"},
{"source": "www.csir.co.za", "target": "forms.office.com", "site": "https://forms.office.com/r/3K63ULTN3P", "hyperlink": "Alumni"},
{"source": "", "target": "", "site": "", "hyperlink": ""},
{"source": "", "target": "", "site": "", "hyperlink": ""},
{"source": "", "target": "", "site": "", "hyperlink": ""},
{"source": "www.csir.co.za", "target": "forms.office.com", "site": "https://forms.office.com/r/3K63ULTN3P", "hyperlink": "Alumni"},
{"source": "", "target": "", "site": "", "hyperlink": ""},
{"source": "www.csir.co.za", "target": "forms.office.com", "site": "https://forms.office.com/r/3K63ULTN3P", "hyperlink": "Alumni"},
{"source": "sawea.org.za", "target": "twitter.com", "site": "https://twitter.com/_sawea?ref_src=twsrc%5Etfw", "hyperlink": "Tweets by _sawea"},
{"source": "", "target": "", "site": "", "hyperlink": ""},
{"source": "", "target": "", "site": "", "hyperlink": ""},
{"source": "", "target": "", "site": "", "hyperlink": ""},
{"source": "www.csir.co.za", "target": "forms.office.com", "site": "https://forms.office.com/r/3K63ULTN3P", "hyperlink": "Alumni"},
{"source": "", "target": "", "site": "", "hyperlink": ""},
{"source": "", "target": "", "site": "", "hyperlink": ""},
{"source": "", "target": "", "site": "", "hyperlink": ""},
{"source": "www.csir.co.za", "target": "forms.office.com", "site": "https://forms.office.com/r/3K63ULTN3P", "hyperlink": "Alumni"},
{"source": "", "target": "", "site": "", "hyperlink": ""},
{"source": "www.dmr.gov.za", "target": "www.facebook.com", "site": "https://www.facebook.com/Department-of-Mineral-Resources-212481992150861/", "hyperlink": "Facebook"},
{"source": "www.dmr.gov.za", "target": "twitter.com", "site": "https://twitter.com/DMR_SA", "hyperlink": "Twitter"},
{"source": "www.dmr.gov.za", "target": "www.gov.za", "site": "https://www.gov.za/issues/national-development-plan-2030", "hyperlink": "\n                    "},
{"source": "www.dmr.gov.za", "target": "www.brics2017.org", "site": "https://www.brics2017.org/English/", "hyperlink": "\n                    "},
{"source": "www.eskom.co.za", "target": "www.rotekindustries.co.za", "site": "https://www.rotekindustries.co.za/Pages/Landing.aspx", "hyperlink": "Rotek Industries"},
{"source": "www.nersa.org.za", "target": "www.piidigital.co.za", "site": "https://www.piidigital.co.za/", "hyperlink": "PII DIGITAL"},
{"source": "www.mainstreamrp.com", "target": "twitter.com", "site": "https://twitter.com/MainstreamRP", "hyperlink": "\n"},
{"source": "www.mainstreamrp.com", "target": "www.linkedin.com", "site": "https://www.linkedin.com/company/mainstream-renewable-power/", "hyperlink": "\n"},
{"source": "www.mainstreamrp.com", "target": "twitter.com", "site": "https://twitter.com/MainstreamRP", "hyperlink": "\n"},
{"source": "www.mainstreamrp.com", "target": "www.linkedin.com", "site": "https://www.linkedin.com/company/mainstream-renewable-power/", "hyperlink": "\n"},
{"source": "www.mainstreamrp.com", "target": "app.convercent.com", "site": "https://app.convercent.com/en-US/LandingPage/79b275f1-dec7-ec11-a98b-000d3ab9f296", "hyperlink": "Mainstream Speak Up Line"},
{"source": "www.mainstreamrp.com", "target": "twitter.com", "site": "https://twitter.com/MainstreamRP", "hyperlink": "\n"},
{"source": "www.mainstreamrp.com", "target": "www.linkedin.com", "site": "https://www.linkedin.com/company/mainstream-renewable-power/", "hyperlink": "\n"},
{"source": "www.mainstreamrp.com", "target": "www.thewebkitchen.co.uk", "site": "https://www.thewebkitchen.co.uk/", "hyperlink": "Web design"},
{"source": "www.mainstreamrp.com", "target": "www.thewebkitchen.co.uk", "site": "https://www.thewebkitchen.co.uk/", "hyperlink": "TWK"},
{"source": "sawea.org.za", "target": "twitter.com", "site": "https://twitter.com/_sawea?ref_src=twsrc%5Etfw", "hyperlink": "Tweets by _sawea"},
{"source": "scatec.com", "target": "stem.no", "site": "https://stem.no", "hyperlink": "Stem Agency"},
{"source": "sawea.org.za", "target": "twitter.com", "site": "https://twitter.com/_sawea?ref_src=twsrc%5Etfw", "hyperlink": "Tweets by _sawea"},
{"source": "", "target": "", "site": "", "hyperlink": ""},
{"source": "www.gov.za", "target": "www.ipp-renewables.co.za", "site": "https://www.ipp-renewables.co.za/", "hyperlink": "Renewable Independent Power Producer Programme"},
{"source": "www.gov.za", "target": "www.facebook.com", "site": "https://www.facebook.com/sharer/sharer.php?u=https%3A%2F%2Fwww.gov.za%2Fabout-government%2Fgovernment-programmes%2Frenewable-independent-power-producer-programme", "hyperlink": "Facebook"},
{"source": "www.gov.za", "target": "twitter.com", "site": "https://twitter.com/intent/tweet?url=https%3A//www.gov.za/about-government/government-programmes/renewable-independent-power-producer-programme&text=South%20African...&via=GovernmentZA", "hyperlink": "Twitter"},
{"source": "www.gov.za", "target": "linkedin.com", "site": "https://linkedin.com/shareArticle?mini=true&url=https%3A%2F%2Fwww.gov.za%2Fabout-government%2Fgovernment-programmes%2Frenewable-independent-power-producer-programme", "hyperlink": "LinkedIn"},
{"source": "", "target": "", "site": "", "hyperlink": ""},
{"source": "", "target": "", "site": "", "hyperlink": ""},
{"source": "", "target": "", "site": "", "hyperlink": ""},
{"source": "", "target": "", "site": "", "hyperlink": ""},
{"source": "", "target": "", "site": "", "hyperlink": ""},
{"source": "", "target": "", "site": "", "hyperlink": ""},
{"source": "", "target": "", "site": "", "hyperlink": ""},
{"source": "", "target": "", "site": "", "hyperlink": ""},
{"source": "", "target": "", "site": "", "hyperlink": ""},
{"source": "", "target": "", "site": "", "hyperlink": ""},
{"source": "", "target": "", "site": "", "hyperlink": ""},
{"source": "", "target": "", "site": "", "hyperlink": ""},
{"source": "", "target": "", "site": "", "hyperlink": ""},
{"source": "", "target": "", "site": "", "hyperlink": ""},
{"source": "", "target": "", "site": "", "hyperlink": ""},
{"source": "", "target": "", "site": "", "hyperlink": ""},
{"source": "", "target": "", "site": "", "hyperlink": ""},
{"source": "", "target": "", "site": "", "hyperlink": ""},
{"source": "", "target": "", "site": "", "hyperlink": ""},
{"source": "", "target": "", "site": "", "hyperlink": ""},
{"source": "", "target": "", "site": "", "hyperlink": ""},
{"source": "", "target": "", "site": "", "hyperlink": ""},
{"source": "", "target": "", "site": "", "hyperlink": ""},
{"source": "www.enelgreenpower.com", "target": "www.enel.com", "site": "https://www.enel.com/careers/working-at-enel/spontaneous-application", "hyperlink": "\n            "},
{"source": "", "target": "", "site": "", "hyperlink": ""},
{"source": "www.enelgreenpower.com", "target": "jobs.enel.com", "site": "https://jobs.enel.com/en_US/careers/JobOpenings", "hyperlink": "\n                    "},
{"source": "www.enelgreenpower.com", "target": "jobs.enel.com", "site": "https://jobs.enel.com/en_US/SpontaneousApplication", "hyperlink": "\n                    "},
{"source": "www.enelgreenpower.com", "target": "www.enel.com", "site": "https://www.enel.com/", "hyperlink": "Enel"},
{"source": "www.enelgreenpower.com", "target": "www.enelx.com", "site": "https://www.enelx.com/en", "hyperlink": "Enel X"},
{"source": "www.enelgreenpower.com", "target": "www.enelxway.it", "site": "https://www.enelxway.it/en/home", "hyperlink": "Enel X Way"},
{"source": "www.enelgreenpower.com", "target": "globaltrading.enel.com", "site": "https://globaltrading.enel.com/en.html", "hyperlink": "Enel Global Trading"},
{"source": "www.enelgreenpower.com", "target": "openinnovability.enel.com", "site": "https://openinnovability.enel.com/", "hyperlink": "Enel Open Innovability®"},
{"source": "www.enelgreenpower.com", "target": "globalprocurement.enel.com", "site": "https://globalprocurement.enel.com/", "hyperlink": "Enel Global Procurement"},
{"source": "www.enelgreenpower.com", "target": "www.enelfoundation.org", "site": "https://www.enelfoundation.org/", "hyperlink": "Enel Foundation"},
{"source": "www.enelgreenpower.com", "target": "www.enelcuore.it", "site": "https://www.enelcuore.it/en", "hyperlink": "Enel Cuore"},
{"source": "www.enelgreenpower.com", "target": "secure.ethicspoint.eu", "site": "https://secure.ethicspoint.eu/domain/media/en/gui/102504/index.html", "hyperlink": "Ethical Channel"},
{"source": "www.enelgreenpower.com", "target": "it-it.facebook.com", "site": "https://it-it.facebook.com/enelgreenpower.world/", "hyperlink": "\n                            "},
{"source": "www.enelgreenpower.com", "target": "twitter.com", "site": "https://twitter.com/enelgreenpower", "hyperlink": "\n                            "},
{"source": "www.enelgreenpower.com", "target": "it.linkedin.com", "site": "https://it.linkedin.com/company/enel_green_power", "hyperlink": "\n                            "},
{"source": "www.enelgreenpower.com", "target": "www.youtube.com", "site": "https://www.youtube.com/channel/UC6VfwYnwQvgBIOSjypUOuqw", "hyperlink": "\n                            "},
{"source": "www.enelgreenpower.com", "target": "www.instagram.com", "site": "https://www.instagram.com/enelgreenpower/?hl=it", "hyperlink": "\n                            "},
{"source": "www.enelgreenpower.com", "target": "it-it.facebook.com", "site": "https://it-it.facebook.com/enelgreenpower.world/", "hyperlink": "\n                            "},
{"source": "www.enelgreenpower.com", "target": "twitter.com", "site": "https://twitter.com/enelgreenpower", "hyperlink": "\n                            "},
{"source": "www.enelgreenpower.com", "target": "it.linkedin.com", "site": "https://it.linkedin.com/company/enel_green_power", "hyperlink": "\n                            "},
{"source": "www.enelgreenpower.com", "target": "www.youtube.com", "site": "https://www.youtube.com/channel/UC6VfwYnwQvgBIOSjypUOuqw", "hyperlink": "\n                            "},
{"source": "www.enelgreenpower.com", "target": "www.instagram.com", "site": "https://www.instagram.com/enelgreenpower/?hl=it", "hyperlink": "\n                            "},
{"source": "www.engie.com", "target": "www.engie-homeservices.fr", "site": "https://www.engie-homeservices.fr", "hyperlink": "ENGIE Home Services"},
{"source": "", "target": "", "site": "", "hyperlink": ""},
{"source": "www.eskom.co.za", "target": "www.rotekindustries.co.za", "site": "https://www.rotekindustries.co.za/Pages/Landing.aspx", "hyperlink": "Rotek Industries"},
{"source": "", "target": "", "site": "", "hyperlink": ""},
{"source": "www.sasol.com", "target": "www.sasolinsport.co.za", "site": "https://www.sasolinsport.co.za/", "hyperlink": "Sasol In Sport"},
{"source": "www.sasol.com", "target": "www.sasolsignatures.co.za", "site": "https://www.sasolsignatures.co.za/", "hyperlink": "Sasol Signatures"},
{"source": "www.sasol.com", "target": "www.solarchallenge.org.za", "site": "https://www.solarchallenge.org.za/", "hyperlink": "Sasol Solar Challenge"},
{"source": "www.sasol.com", "target": "www.sasolrewards.co.za", "site": "https://www.sasolrewards.co.za/", "hyperlink": "Sasol Rewards"},
{"source": "www.sasol.com", "target": "www.sasolbursaries.com", "site": "https://www.sasolbursaries.com/welcome/", "hyperlink": "Sasol Bursaries"},
{"source": "www.sasol.com", "target": "www.sasolkhanyisa.com", "site": "https://www.sasolkhanyisa.com/", "hyperlink": "Sasol Khanyisa"},
{"source": "www.sasol.com", "target": "www.sasolbursaries.com", "site": "https://www.sasolbursaries.com/welcome/", "hyperlink": "Read more"},
{"source": "www.sasol.com", "target": "myim.service-now.com", "site": "https://myim.service-now.com/csm", "hyperlink": "Access portal"},
{"source": "www.sasol.com", "target": "twitter.com", "site": "https://twitter.com/SasolSA?ref_src=twsrc%5Etfw", "hyperlink": "Tweets by SasolSA"},
{"source": "www.sasol.com", "target": "www.sasolbursaries.com", "site": "https://www.sasolbursaries.com/welcome/", "hyperlink": "Bursaries"},
{"source": "www.sasol.com", "target": "www.youtube.com", "site": "https://www.youtube.com/c/sasol", "hyperlink": "View More"},
{"source": "www.juwi.com", "target": "www.juwi-shizenenergy.com", "site": "https://www.juwi-shizenenergy.com/", "hyperlink": "\n                            "},
{"source": "www.juwi.com", "target": "www.juwiamericas.com", "site": "https://www.juwiamericas.com/", "hyperlink": "\n                            "},
{"source": "www.juwi.com", "target": "de.linkedin.com", "site": "https://de.linkedin.com/organization-guest/company/juwi-group", "hyperlink": "\n\t\t\t\t\t\t\t\t\t\t\t\n\t\t\t\t\t\t\t\t\t\t\t\t"},
{"source": "www.juwi.com", "target": "www.xing.com", "site": "https://www.xing.com/company/juwi-gruppe/updates", "hyperlink": "\n\t\t\t\t\t\t\t\t\t\t\t\n\t\t\t\t\t\t\t\t\t\t\t\t"},
{"source": "www.juwi.com", "target": "twitter.com", "site": "https://twitter.com/juwigruppe?lang=de", "hyperlink": "\n\t\t\t\t\t\t\t\t\t\t\t\n\t\t\t\t\t\t\t\t\t\t\t\t"},
{"source": "www.juwi.com", "target": "de-de.facebook.com", "site": "https://de-de.facebook.com/juwiGruppe/", "hyperlink": "\n\t\t\t\t\t\t\t\t\t\t\t\n\t\t\t\t\t\t\t\t\t\t\t\t"},
{"source": "www.juwi.com", "target": "www.instagram.com", "site": "https://www.instagram.com/juwi_group/", "hyperlink": "\n\t\t\t\t\t\t\t\t\t\t\t\n\t\t\t\t\t\t\t\t\t\t\t\t"},
{"source": "www.juwi.com", "target": "www.youtube.com", "site": "https://www.youtube.com/@JUWI_group", "hyperlink": "\n\t\t\t\t\t\t\t\t\t\t\t\n\t\t\t\t\t\t\t\t\t\t\t\t"},
{"source": "", "target": "", "site": "", "hyperlink": ""},
{"source": "www.pelegreenenergy.com", "target": "www.esi-africa.com", "site": "https://www.esi-africa.com/wind-power-pele-green-energy-wins-280mw-in-reipppp-round-four/", "hyperlink": "Wind power: Pele Green Energy wins 280MW in REIPPP round four"},
{"source": "sr.energy", "target": "www.youtube.com", "site": "https://www.youtube.com/watch?v=KQHJs1y9kxM?rel=0&autoplay=1", "hyperlink": "\n"},
{"source": "sr.energy", "target": "www.youtube.com", "site": "https://www.youtube.com/watch?v=KQHJs1y9kxM", "hyperlink": "\n"},
{"source": "sr.energy", "target": "www.youtube.com", "site": "https://www.youtube.com/watch?v=yhl7XQdUbac", "hyperlink": "\n"},
{"source": "sr.energy", "target": "www.youtube.com", "site": "https://www.youtube.com/watch?v=1mUsvfKnbuo", "hyperlink": "\n"},
{"source": "sr.energy", "target": "www.youtube.com", "site": "https://www.youtube.com/watch?v=1o9AvpDSVHM&feature=youtu.be", "hyperlink": "\n"},
{"source": "sr.energy", "target": "www.youtube.com", "site": "https://www.youtube.com/watch?v=4TqGPu9mMIE&feature=youtu.be", "hyperlink": "\n"},
{"source": "sr.energy", "target": "www.youtube.com", "site": "https://www.youtube.com/watch?v=7jwUqeIQAAA", "hyperlink": "\n"},
{"source": "sr.energy", "target": "www.youtube.com", "site": "https://www.youtube.com/watch?v=p15QsWkcQFk", "hyperlink": "\n"},
{"source": "sr.energy", "target": "www.youtube.com", "site": "https://www.youtube.com/watch?v=fFOSgLtiHkw&feature=youtu.be", "hyperlink": "\n"},
{"source": "sr.energy", "target": "www.youtube.com", "site": "https://www.youtube.com/watch?v=KQHJs1y9kxM&autohide=1", "hyperlink": "https://www.youtube.com/watch?v=KQHJs1y9kxM&autohide=1"},
{"source": "sr.energy", "target": "www.youtube.com", "site": "https://www.youtube.com/watch?v=yhl7XQdUbac&autohide=1", "hyperlink": "https://www.youtube.com/watch?v=yhl7XQdUbac&autohide=1"},
{"source": "sr.energy", "target": "www.youtube.com", "site": "https://www.youtube.com/watch?v=1mUsvfKnbuo&autohide=1", "hyperlink": "https://www.youtube.com/watch?v=1mUsvfKnbuo&autohide=1"},
{"source": "sr.energy", "target": "www.youtube.com", "site": "https://www.youtube.com/watch?v=1o9AvpDSVHM&autohide=1", "hyperlink": "https://www.youtube.com/watch?v=1o9AvpDSVHM&autohide=1"},
{"source": "sr.energy", "target": "www.youtube.com", "site": "https://www.youtube.com/watch?v=4TqGPu9mMIE&autohide=1", "hyperlink": "https://www.youtube.com/watch?v=4TqGPu9mMIE&autohide=1"},
{"source": "sr.energy", "target": "www.youtube.com", "site": "https://www.youtube.com/watch?v=7jwUqeIQAAA&autohide=1", "hyperlink": "https://www.youtube.com/watch?v=7jwUqeIQAAA&autohide=1"},
{"source": "sr.energy", "target": "www.youtube.com", "site": "https://www.youtube.com/watch?v=p15QsWkcQFk&autohide=1", "hyperlink": "https://www.youtube.com/watch?v=p15QsWkcQFk&autohide=1"},
{"source": "sr.energy", "target": "www.youtube.com", "site": "https://www.youtube.com/watch?v=fFOSgLtiHkw&autohide=1", "hyperlink": "https://www.youtube.com/watch?v=fFOSgLtiHkw&autohide=1"},
{"source": "sr.energy", "target": "www.supronet.co.za", "site": "https://www.supronet.co.za/", "hyperlink": "SuproNet"},
{"source": "www.h1holdings.co.za", "target": "roggeveldwindfarm.energy", "site": "https://roggeveldwindfarm.energy/", "hyperlink": "Roggeveld Wind Power 148MW"},
{"source": "www.h1holdings.co.za", "target": "kangnaswind.co.za", "site": "https://kangnaswind.co.za/", "hyperlink": "Kangnas Wind 138MW"},
{"source": "www.h1holdings.co.za", "target": "perdekraaleastwind.co.za", "site": "https://perdekraaleastwind.co.za/", "hyperlink": "Perdekraal East Wind 108MW"},
{"source": "www.h1holdings.co.za", "target": "www.enelgreenpower.com", "site": "https://www.enelgreenpower.com/media/press/2021/12/garob-wind-farm-ready-commercial-operation", "hyperlink": "Garob Wind 140MW"},
{"source": "www.h1holdings.co.za", "target": "www.enelgreenpower.com", "site": "https://www.enelgreenpower.com/our-projects/operating/nxuba-wind-farm", "hyperlink": "Nxuba Wind 140MW"},
{"source": "www.h1holdings.co.za", "target": "www.enelgreenpower.com", "site": "https://www.enelgreenpower.com/our-projects/operating/oyster-bay-wind-farm", "hyperlink": "Oyster Bay Wind 140MW"},
{"source": "www.h1holdings.co.za", "target": "scatecsolar.com", "site": "https://scatecsolar.com/2018/04/10/scatec-solar-reaches-financial-close-for-258-mw-in-south-africa/", "hyperlink": "Dyasons Klip 1 Solar 75MW"},
{"source": "www.h1holdings.co.za", "target": "scatecsolar.com", "site": "https://scatecsolar.com/2018/04/10/scatec-solar-reaches-financial-close-for-258-mw-in-south-africa/", "hyperlink": "Dyasons Klip 2 Solar 75MW"},
{"source": "www.h1holdings.co.za", "target": "sproutperformance.com", "site": "https://sproutperformance.com/", "hyperlink": "Sprout Performance Partners"},
{"source": "www.h1holdings.co.za", "target": "www.google.co.za", "site": "https://www.google.co.za/maps/place/H1+Holdings+(Pty)+Ltd/@-33.905523,18.4160183,17z/data=!3m1!4b1!4m5!3m4!1s0x1dcc675cfbcd51a9:0xb374aee2472060d7!8m2!3d-33.905523!4d18.418207", "hyperlink": "Google Map"},
{"source": "www.edf-renouvelables.com", "target": "twitter.com", "site": "https://twitter.com/EDF_RE", "hyperlink": "Twitter EDF Renouvelables"},
{"source": "www.edf-renouvelables.com", "target": "www.edf.fr", "site": "https://www.edf.fr/", "hyperlink": "EDF Groupe"},
{"source": "www.edf-renouvelables.com", "target": "edf-re.com.br", "site": "https://edf-re.com.br/", "hyperlink": "EDF Renewables Brazil"},
{"source": "www.edf-renouvelables.com", "target": "www.edf-re.ca", "site": "https://www.edf-re.ca/", "hyperlink": "EDF Renewables Canada"},
{"source": "www.edf-renouvelables.com", "target": "www.edf-re.de", "site": "https://www.edf-re.de/", "hyperlink": "EDF Renewables Germany"},
{"source": "www.edf-renouvelables.com", "target": "www.edf-re.in", "site": "https://www.edf-re.in/", "hyperlink": "EDF Renewables India"},
{"source": "www.edf-renouvelables.com", "target": "eden-re.com", "site": "https://eden-re.com/", "hyperlink": "Eden Renewables India"},
{"source": "www.edf-renouvelables.com", "target": "www.edf-re.mx", "site": "https://www.edf-re.mx/", "hyperlink": "EDF Renewables Mexico"},
{"source": "www.edf-renouvelables.com", "target": "edf-re.co.za", "site": "https://edf-re.co.za/", "hyperlink": "EDF Renewables South Africa"},
{"source": "www.edf-renouvelables.com", "target": "www.edf-re.com", "site": "https://www.edf-re.com/", "hyperlink": "EDF Renewables US"},
{"source": "www.edf-renouvelables.com", "target": "www.edf-re.uk", "site": "https://www.edf-re.uk/", "hyperlink": "EDF Renewables UK"},
{"source": "www.edf-renouvelables.com", "target": "www.edf.fr", "site": "https://www.edf.fr/", "hyperlink": "EDF Groupe"},
{"source": "www.edf-renouvelables.com", "target": "edf-re.com.br", "site": "https://edf-re.com.br/", "hyperlink": "EDF Renewables Brazil"},
{"source": "www.edf-renouvelables.com", "target": "www.edf-re.ca", "site": "https://www.edf-re.ca/", "hyperlink": "EDF Renewables Canada"},
{"source": "www.edf-renouvelables.com", "target": "www.edf-re.de", "site": "https://www.edf-re.de/", "hyperlink": "EDF Renewables Germany"},
{"source": "www.edf-renouvelables.com", "target": "www.edf-re.in", "site": "https://www.edf-re.in/", "hyperlink": "EDF Renewables India"},
{"source": "www.edf-renouvelables.com", "target": "eden-re.com", "site": "https://eden-re.com/", "hyperlink": "Eden Renewables India"},
{"source": "www.edf-renouvelables.com", "target": "www.edf-re.mx", "site": "https://www.edf-re.mx/", "hyperlink": "EDF Renewables Mexico"},
{"source": "www.edf-renouvelables.com", "target": "edf-re.co.za", "site": "https://edf-re.co.za/", "hyperlink": "EDF Renewables South Africa"},
{"source": "www.edf-renouvelables.com", "target": "www.edf-re.com", "site": "https://www.edf-re.com/", "hyperlink": "EDF Renewables US"},
{"source": "www.edf-renouvelables.com", "target": "www.edf-re.uk", "site": "https://www.edf-re.uk/", "hyperlink": "EDF Renewables UK"},
{"source": "www.edf-renouvelables.com", "target": "twitter.com", "site": "https://twitter.com/EDF_RE", "hyperlink": "Twitter EDF Renouvelables"},
{"source": "www.edf-renouvelables.com", "target": "twitter.com", "site": "https://twitter.com/EDF_RE", "hyperlink": "Twitter EDF Renouvelables"},
{"source": "www.edf-renouvelables.com", "target": "twitter.com", "site": "https://twitter.com/EDF_RE", "hyperlink": "\n\t\t\t"},
{"source": "www.edf-renouvelables.com", "target": "twitter.com", "site": "https://twitter.com/EDF_RE", "hyperlink": "COMPTE TWITTER"},
{"source": "", "target": "", "site": "", "hyperlink": ""},
{"source": "", "target": "", "site": "", "hyperlink": ""},
{"source": "", "target": "", "site": "", "hyperlink": ""},
{"source": "", "target": "", "site": "", "hyperlink": ""},
{"source": "", "target": "", "site": "", "hyperlink": ""},
{"source": "", "target": "", "site": "", "hyperlink": ""},
{"source": "", "target": "", "site": "", "hyperlink": ""},
{"source": "", "target": "", "site": "", "hyperlink": ""},
{"source": "", "target": "", "site": "", "hyperlink": ""},
{"source": "", "target": "", "site": "", "hyperlink": ""},
{"source": "", "target": "", "site": "", "hyperlink": ""},
{"source": "www.edpr.com", "target": "portugal.edp.com", "site": "https://portugal.edp.com/en", "hyperlink": "EDP Institucional "},
{"source": "www.edpr.com", "target": "espana.edp.com", "site": "https://espana.edp.com/en", "hyperlink": "EDP Institucional "},
{"source": "www.edpr.com", "target": "brasil.edp.com", "site": "https://brasil.edp.com/en", "hyperlink": "EDP Institucional"},
{"source": "www.edpr.com", "target": "portugal.edp.com", "site": "https://portugal.edp.com/", "hyperlink": "portugal.edp.com"},
{"source": "www.edpr.com", "target": "espana.edp.com", "site": "https://espana.edp.com/en", "hyperlink": "espana.edp.com"},
{"source": "www.edpr.com", "target": "brasil.edp.com", "site": "https://brasil.edp.com", "hyperlink": "brasil.edp.com"},
{"source": "", "target": "", "site": "", "hyperlink": ""},
{"source": "www.edpr.com", "target": "www.edp.com", "site": "https://www.edp.com/en/edp/strategy", "hyperlink": " "}
]